{"stats":{"minecraft:used":{"minecraft:glass":11,"minecraft:lava_bucket":1,"minecraft:crimson_fungus":1},"minecraft:custom":{"minecraft:jump":2,"minecraft:time_since_rest":77,"minecraft:crouch_one_cm":7,"minecraft:play_one_minute":4362,"minecraft:leave_game":1,"minecraft:deaths":2,"minecraft:time_since_death":44,"minecraft:walk_one_cm":24,"minecraft:sneak_time":33,"minecraft:drop":2,"minecraft:fly_one_cm":22582},"minecraft:dropped":{"minecraft:lava_bucket":1,"minecraft:glass":1}},"DataVersion":2566}